/*
SQLyog Ultimate v11.25 (64 bit)
MySQL - 5.7.33 : Database - user
*********************************************************************
*/

/*!40101 SET NAMES utf8 */;

/*!40101 SET SQL_MODE=''*/;

/*!40014 SET @OLD_UNIQUE_CHECKS=@@UNIQUE_CHECKS, UNIQUE_CHECKS=0 */;
/*!40014 SET @OLD_FOREIGN_KEY_CHECKS=@@FOREIGN_KEY_CHECKS, FOREIGN_KEY_CHECKS=0 */;
/*!40101 SET @OLD_SQL_MODE=@@SQL_MODE, SQL_MODE='NO_AUTO_VALUE_ON_ZERO' */;
/*!40111 SET @OLD_SQL_NOTES=@@SQL_NOTES, SQL_NOTES=0 */;
CREATE DATABASE /*!32312 IF NOT EXISTS*/`user` /*!40100 DEFAULT CHARACTER SET utf8 */;

USE `user`;

/*Table structure for table `equip_data` */

DROP TABLE IF EXISTS `equip_data`;

CREATE TABLE `equip_data` (
  `CONTAINERNUM` int(6) NOT NULL,
  `QC010101` double(4,2) DEFAULT NULL,
  `QC010102` double(4,2) DEFAULT NULL,
  `QC010103` double(4,2) DEFAULT NULL,
  `QC010104` double(4,2) DEFAULT NULL,
  `QC010201` double(4,2) DEFAULT NULL,
  `QC010202` double(4,2) DEFAULT NULL,
  `QC010203` double(4,2) DEFAULT NULL,
  `QC010204` double(4,2) DEFAULT NULL,
  `QC010301` double(4,2) DEFAULT NULL,
  `QC010302` double(4,2) DEFAULT NULL,
  `QC020101` double(4,2) DEFAULT NULL,
  `QC020102` double(4,2) DEFAULT NULL,
  `QC020103` double(4,2) DEFAULT NULL,
  `QC020104` double(4,2) DEFAULT NULL,
  `QC020201` double(4,2) DEFAULT NULL,
  `QC020202` double(4,2) DEFAULT NULL,
  `QC020203` double(4,2) DEFAULT NULL,
  `QC020204` double(4,2) DEFAULT NULL,
  `QC020301` double(4,2) DEFAULT NULL,
  `QC020302` double(4,2) DEFAULT NULL,
  `QC030101` double(4,2) DEFAULT NULL,
  `QC030102` double(4,2) DEFAULT NULL,
  `QC030103` double(4,2) DEFAULT NULL,
  `QC030104` double(4,2) DEFAULT NULL,
  `QC030201` double(4,2) DEFAULT NULL,
  `QC030202` double(4,2) DEFAULT NULL,
  `QC030203` double(4,2) DEFAULT NULL,
  `QC030204` double(4,2) DEFAULT NULL,
  `QC030301` double(4,2) DEFAULT NULL,
  `QC030302` double(4,2) DEFAULT NULL,
  `QC040101` double(4,2) DEFAULT NULL,
  `QC040102` double(4,2) DEFAULT NULL,
  `QC040103` double(4,2) DEFAULT NULL,
  `QC040104` double(4,2) DEFAULT NULL,
  `QC040201` double(4,2) DEFAULT NULL,
  `QC040202` double(4,2) DEFAULT NULL,
  `QC040203` double(4,2) DEFAULT NULL,
  `QC040204` double(4,2) DEFAULT NULL,
  `QC040301` double(4,2) DEFAULT NULL,
  `QC040302` double(4,2) DEFAULT NULL,
  `QC050101` double(4,2) DEFAULT NULL,
  `QC050102` double(4,2) DEFAULT NULL,
  `QC050103` double(4,2) DEFAULT NULL,
  `QC050104` double(4,2) DEFAULT NULL,
  `QC050201` double(4,2) DEFAULT NULL,
  `QC050202` double(4,2) DEFAULT NULL,
  `QC050203` double(4,2) DEFAULT NULL,
  `QC050204` double(4,2) DEFAULT NULL,
  `QC050301` double(4,2) DEFAULT NULL,
  `QC050302` double(4,2) DEFAULT NULL,
  `QC060101` double(4,2) DEFAULT NULL,
  `QC060102` double(4,2) DEFAULT NULL,
  `QC060103` double(4,2) DEFAULT NULL,
  `QC060104` double(4,2) DEFAULT NULL,
  `QC060201` double(4,2) DEFAULT NULL,
  `QC060202` double(4,2) DEFAULT NULL,
  `QC060203` double(4,2) DEFAULT NULL,
  `QC060204` double(4,2) DEFAULT NULL,
  `QC060301` double(4,2) DEFAULT NULL,
  `QC060302` double(4,2) DEFAULT NULL,
  `QC070101` double(4,2) DEFAULT NULL,
  `QC070102` double(4,2) DEFAULT NULL,
  `QC070103` double(4,2) DEFAULT NULL,
  `QC070104` double(4,2) DEFAULT NULL,
  `QC070201` double(4,2) DEFAULT NULL,
  `QC070202` double(4,2) DEFAULT NULL,
  `QC070203` double(4,2) DEFAULT NULL,
  `QC070204` double(4,2) DEFAULT NULL,
  `QC070301` double(4,2) DEFAULT NULL,
  `QC070302` double(4,2) DEFAULT NULL,
  `QC080101` double(4,2) DEFAULT NULL,
  `QC080102` double(4,2) DEFAULT NULL,
  `QC080103` double(4,2) DEFAULT NULL,
  `QC080104` double(4,2) DEFAULT NULL,
  `QC080201` double(4,2) DEFAULT NULL,
  `QC080202` double(4,2) DEFAULT NULL,
  `QC080203` double(4,2) DEFAULT NULL,
  `QC080204` double(4,2) DEFAULT NULL,
  `QC080301` double(4,2) DEFAULT NULL,
  `QC080302` double(4,2) DEFAULT NULL,
  `QC090101` double(4,2) DEFAULT NULL,
  `QC090102` double(4,2) DEFAULT NULL,
  `QC090103` double(4,2) DEFAULT NULL,
  `QC090104` double(4,2) DEFAULT NULL,
  `QC090201` double(4,2) DEFAULT NULL,
  `QC090202` double(4,2) DEFAULT NULL,
  `QC090203` double(4,2) DEFAULT NULL,
  `QC090204` double(4,2) DEFAULT NULL,
  `QC090301` double(4,2) DEFAULT NULL,
  `QC090302` double(4,2) DEFAULT NULL,
  `QC100101` double(4,2) DEFAULT NULL,
  `QC100102` double(4,2) DEFAULT NULL,
  `QC100103` double(4,2) DEFAULT NULL,
  `QC100104` double(4,2) DEFAULT NULL,
  `QC100201` double(4,2) DEFAULT NULL,
  `QC100202` double(4,2) DEFAULT NULL,
  `QC100203` double(4,2) DEFAULT NULL,
  `QC100204` double(4,2) DEFAULT NULL,
  `QC100301` double(4,2) DEFAULT NULL,
  `QC100302` double(4,2) DEFAULT NULL,
  PRIMARY KEY (`CONTAINERNUM`)
) ENGINE=InnoDB DEFAULT CHARSET=utf8;

/*Data for the table `equip_data` */

insert  into `equip_data`(`CONTAINERNUM`,`QC010101`,`QC010102`,`QC010103`,`QC010104`,`QC010201`,`QC010202`,`QC010203`,`QC010204`,`QC010301`,`QC010302`,`QC020101`,`QC020102`,`QC020103`,`QC020104`,`QC020201`,`QC020202`,`QC020203`,`QC020204`,`QC020301`,`QC020302`,`QC030101`,`QC030102`,`QC030103`,`QC030104`,`QC030201`,`QC030202`,`QC030203`,`QC030204`,`QC030301`,`QC030302`,`QC040101`,`QC040102`,`QC040103`,`QC040104`,`QC040201`,`QC040202`,`QC040203`,`QC040204`,`QC040301`,`QC040302`,`QC050101`,`QC050102`,`QC050103`,`QC050104`,`QC050201`,`QC050202`,`QC050203`,`QC050204`,`QC050301`,`QC050302`,`QC060101`,`QC060102`,`QC060103`,`QC060104`,`QC060201`,`QC060202`,`QC060203`,`QC060204`,`QC060301`,`QC060302`,`QC070101`,`QC070102`,`QC070103`,`QC070104`,`QC070201`,`QC070202`,`QC070203`,`QC070204`,`QC070301`,`QC070302`,`QC080101`,`QC080102`,`QC080103`,`QC080104`,`QC080201`,`QC080202`,`QC080203`,`QC080204`,`QC080301`,`QC080302`,`QC090101`,`QC090102`,`QC090103`,`QC090104`,`QC090201`,`QC090202`,`QC090203`,`QC090204`,`QC090301`,`QC090302`,`QC100101`,`QC100102`,`QC100103`,`QC100104`,`QC100201`,`QC100202`,`QC100203`,`QC100204`,`QC100301`,`QC100302`) values (1000,0.20,0.50,0.40,0.50,0.20,0.60,0.40,0.50,0.40,0.80,0.30,1.00,0.70,0.50,0.20,1.00,0.40,0.50,0.20,1.00,0.20,1.00,0.70,0.50,0.20,1.00,0.40,0.50,0.20,1.00,0.20,1.00,0.70,0.50,0.20,1.00,0.40,0.50,0.20,1.00,0.20,1.00,0.70,0.50,0.20,1.00,0.40,0.50,0.20,1.00,0.20,1.00,0.70,0.50,0.20,1.00,0.40,0.50,0.20,1.00,0.20,1.00,0.70,0.50,0.20,1.00,0.40,0.50,0.20,1.00,0.20,1.00,0.70,0.50,0.20,1.00,0.40,0.50,0.20,1.00,0.20,1.00,0.70,0.50,0.20,1.00,0.40,0.50,0.20,1.00,0.20,1.00,0.70,0.50,0.20,1.00,0.40,0.50,NULL,NULL),(1500,1.40,1.60,1.55,1.50,1.32,1.60,1.40,1.40,1.30,1.60,1.50,1.50,1.50,1.50,1.50,1.50,1.50,1.50,1.50,1.50,1.50,1.50,1.50,1.50,1.50,1.50,1.50,1.50,1.50,1.50,1.50,1.50,1.50,1.50,1.50,1.50,1.50,1.50,1.50,1.50,1.50,1.50,1.50,1.50,1.50,1.50,1.50,1.50,1.50,1.50,1.50,1.50,1.50,1.50,1.50,1.50,1.50,1.50,1.50,1.50,1.50,1.50,1.50,1.50,1.50,1.50,1.50,1.50,1.50,1.50,1.50,1.50,1.50,1.50,1.50,1.50,1.50,1.50,1.50,1.50,1.50,1.50,1.50,1.50,1.50,1.50,1.50,1.50,1.50,1.50,1.50,1.50,1.50,1.50,1.50,1.50,1.50,1.50,NULL,NULL),(2000,1.80,2.00,1.70,1.85,1.70,1.90,1.80,1.60,1.80,2.00,1.80,2.00,1.80,1.80,1.80,2.00,1.80,1.80,1.80,2.00,1.80,2.00,1.80,1.80,1.80,2.00,1.80,1.80,1.80,2.00,1.80,2.00,1.80,1.80,1.80,2.00,1.80,1.80,1.80,2.00,1.80,2.00,1.80,1.80,1.80,2.00,1.80,1.80,1.80,2.00,1.80,2.00,1.80,1.80,1.80,2.00,1.80,1.80,1.80,2.00,1.80,2.00,1.80,1.80,1.80,2.00,1.80,1.80,1.80,2.00,1.80,2.00,1.80,1.80,1.80,2.00,1.80,1.80,1.80,2.00,1.80,2.00,1.80,1.80,1.80,2.00,1.80,1.80,1.80,2.00,1.80,2.00,1.80,1.80,1.80,2.00,1.80,1.80,NULL,NULL),(3000,2.10,2.50,2.30,2.60,2.30,2.50,2.40,2.50,2.30,2.50,2.00,2.50,2.00,2.00,2.00,2.50,2.00,2.00,2.00,2.50,2.00,2.50,2.00,2.00,2.00,2.50,2.00,2.00,2.00,2.50,2.00,2.50,2.00,2.00,2.00,2.50,2.00,2.00,2.00,2.50,2.00,2.50,2.00,2.00,2.00,2.50,2.00,2.00,2.00,2.50,2.00,2.50,2.00,2.00,2.00,2.50,2.00,2.00,2.00,2.50,2.00,2.50,2.00,2.00,2.00,2.50,2.00,2.00,2.00,2.50,2.00,2.50,2.00,2.00,2.00,2.50,2.00,2.00,2.00,2.50,2.00,2.50,2.00,2.00,2.00,2.50,2.00,2.00,2.00,2.50,2.00,2.50,2.00,2.00,2.00,2.50,2.00,2.00,NULL,NULL),(3500,3.10,3.70,3.40,3.40,3.10,3.20,3.10,3.40,3.70,3.60,3.00,3.00,3.00,3.00,3.00,3.00,3.00,3.00,3.00,3.00,3.00,3.00,3.00,3.00,3.00,3.00,3.00,3.00,3.00,3.00,3.00,3.00,3.00,3.00,3.00,3.00,3.00,3.00,3.00,3.00,3.00,3.00,3.00,3.00,3.00,3.00,3.00,3.00,3.00,3.00,3.00,3.00,3.00,3.00,3.00,3.00,3.00,3.00,3.00,3.00,3.00,3.00,3.00,3.00,3.00,3.00,3.00,3.00,3.00,3.00,3.00,3.00,3.00,3.00,3.00,3.00,3.00,3.00,3.00,3.00,3.00,3.00,3.00,3.00,3.00,3.00,3.00,3.00,3.00,3.00,3.00,3.00,3.00,3.00,3.00,3.00,3.00,3.00,NULL,NULL),(4000,4.30,4.40,4.60,4.10,4.40,4.00,4.20,4.10,4.20,4.20,4.00,4.00,4.00,4.00,4.00,4.00,4.00,4.00,4.00,4.00,4.00,4.00,4.00,4.00,4.00,4.00,4.00,4.00,4.00,4.00,4.00,4.00,4.00,4.00,4.00,4.00,4.00,4.00,4.00,4.00,4.00,4.00,4.00,4.00,4.00,4.00,4.00,4.00,4.00,4.00,4.00,4.00,4.00,4.00,4.00,4.00,4.00,4.00,4.00,4.00,4.00,4.00,4.00,4.00,4.00,4.00,4.00,4.00,4.00,4.00,4.00,4.00,4.00,4.00,4.00,4.00,4.00,4.00,4.00,4.00,4.00,4.00,4.00,4.00,4.00,4.00,4.00,4.00,4.00,4.00,4.00,4.00,4.00,4.00,4.00,4.00,4.00,4.00,NULL,NULL),(5000,5.10,5.20,5.20,5.00,5.00,4.80,4.90,5.10,5.30,5.60,5.00,5.00,5.00,5.00,5.00,5.00,5.00,5.00,5.00,5.00,5.00,5.00,5.00,5.00,5.00,5.00,5.00,5.00,5.00,5.00,5.00,5.00,5.00,5.00,5.00,5.00,5.00,5.00,5.00,5.00,5.00,5.00,5.00,5.00,5.00,5.00,5.00,5.00,5.00,5.00,5.00,5.00,5.00,5.00,5.00,5.00,5.00,5.00,5.00,5.00,5.00,5.00,5.00,5.00,5.00,5.00,5.00,5.00,5.00,5.00,5.00,5.00,5.00,5.00,5.00,5.00,5.00,5.00,5.00,5.00,5.00,5.00,5.00,5.00,5.00,5.00,5.00,5.00,5.00,5.00,5.00,5.00,5.00,5.00,5.00,5.00,5.00,5.00,NULL,NULL),(6000,5.60,5.80,5.70,5.60,5.70,5.40,5.60,5.90,6.10,6.30,5.50,5.50,5.50,5.50,5.50,5.50,5.50,5.50,5.50,5.50,5.50,5.50,5.50,5.50,5.50,5.50,5.50,5.50,5.50,5.50,5.50,5.50,5.50,5.50,5.50,5.50,5.50,5.50,5.50,5.50,5.50,5.50,5.50,5.50,5.50,5.50,5.50,5.50,5.50,5.50,5.50,5.50,5.50,5.50,5.50,5.50,5.50,5.50,5.50,5.50,5.50,5.50,5.50,5.50,5.50,5.50,5.50,5.50,5.50,5.50,5.50,5.50,5.50,5.50,5.50,5.50,5.50,5.50,5.50,5.50,5.50,5.50,5.50,5.50,5.50,5.50,5.50,5.50,5.50,5.50,5.50,5.50,5.50,5.50,5.50,5.50,5.50,5.50,NULL,NULL),(7000,6.10,6.90,6.70,7.00,6.60,7.00,6.70,7.00,6.70,7.00,6.10,7.00,7.00,7.00,7.00,7.00,7.00,7.00,7.00,7.00,6.10,7.00,7.00,7.00,7.00,7.00,7.00,7.00,7.00,7.00,6.10,7.00,7.00,7.00,7.00,7.00,7.00,7.00,7.00,7.00,6.10,7.00,7.00,7.00,7.00,7.00,7.00,7.00,7.00,7.00,6.10,7.00,7.00,7.00,7.00,7.00,7.00,7.00,7.00,7.00,6.10,7.00,7.00,7.00,7.00,7.00,7.00,7.00,7.00,7.00,6.10,7.00,7.00,7.00,7.00,7.00,7.00,7.00,7.00,7.00,6.10,7.00,7.00,7.00,7.00,7.00,7.00,7.00,7.00,7.00,6.10,7.00,7.00,7.00,7.00,7.00,7.00,7.00,NULL,NULL);

/*Table structure for table `equip_time_data` */

DROP TABLE IF EXISTS `equip_time_data`;

CREATE TABLE `equip_time_data` (
  `WORKTIME` double(6,0) NOT NULL,
  `QC010101` double(4,2) DEFAULT NULL,
  `QC010102` double(4,2) DEFAULT NULL,
  `QC010103` double(4,2) DEFAULT NULL,
  `QC010104` double(4,2) DEFAULT NULL,
  `QC010201` double(4,2) DEFAULT NULL,
  `QC010202` double(4,2) DEFAULT NULL,
  `QC010203` double(4,2) DEFAULT NULL,
  `QC010204` double(4,2) DEFAULT NULL,
  `QC010301` double(4,2) DEFAULT NULL,
  `QC010302` double(4,2) DEFAULT NULL,
  `QC020101` double(4,2) DEFAULT NULL,
  `QC020102` double(4,2) DEFAULT NULL,
  `QC020103` double(4,2) DEFAULT NULL,
  `QC020104` double(4,2) DEFAULT NULL,
  `QC020201` double(4,2) DEFAULT NULL,
  `QC020202` double(4,2) DEFAULT NULL,
  `QC020203` double(4,2) DEFAULT NULL,
  `QC020204` double(4,2) DEFAULT NULL,
  `QC020301` double(4,2) DEFAULT NULL,
  `QC020302` double(4,2) DEFAULT NULL,
  `QC030101` double(4,2) DEFAULT NULL,
  `QC030102` double(4,2) DEFAULT NULL,
  `QC030103` double(4,2) DEFAULT NULL,
  `QC030104` double(4,2) DEFAULT NULL,
  `QC030201` double(4,2) DEFAULT NULL,
  `QC030202` double(4,2) DEFAULT NULL,
  `QC030203` double(4,2) DEFAULT NULL,
  `QC030204` double(4,2) DEFAULT NULL,
  `QC030301` double(4,2) DEFAULT NULL,
  `QC030302` double(4,2) DEFAULT NULL,
  `QC040101` double(4,2) DEFAULT NULL,
  `QC040102` double(4,2) DEFAULT NULL,
  `QC040103` double(4,2) DEFAULT NULL,
  `QC040104` double(4,2) DEFAULT NULL,
  `QC040201` double(4,2) DEFAULT NULL,
  `QC040202` double(4,2) DEFAULT NULL,
  `QC040203` double(4,2) DEFAULT NULL,
  `QC040204` double(4,2) DEFAULT NULL,
  `QC040301` double(4,2) DEFAULT NULL,
  `QC040302` double(4,2) DEFAULT NULL,
  `QC050101` double(4,2) DEFAULT NULL,
  `QC050102` double(4,2) DEFAULT NULL,
  `QC050103` double(4,2) DEFAULT NULL,
  `QC050104` double(4,2) DEFAULT NULL,
  `QC050201` double(4,2) DEFAULT NULL,
  `QC050202` double(4,2) DEFAULT NULL,
  `QC050203` double(4,2) DEFAULT NULL,
  `QC050204` double(4,2) DEFAULT NULL,
  `QC050301` double(4,2) DEFAULT NULL,
  `QC050302` double(4,2) DEFAULT NULL,
  `QC060101` double(4,2) DEFAULT NULL,
  `QC060102` double(4,2) DEFAULT NULL,
  `QC060103` double(4,2) DEFAULT NULL,
  `QC060104` double(4,2) DEFAULT NULL,
  `QC060201` double(4,2) DEFAULT NULL,
  `QC060202` double(4,2) DEFAULT NULL,
  `QC060203` double(4,2) DEFAULT NULL,
  `QC060204` double(4,2) DEFAULT NULL,
  `QC060301` double(4,2) DEFAULT NULL,
  `QC060302` double(4,2) DEFAULT NULL,
  `QC070101` double(4,2) DEFAULT NULL,
  `QC070102` double(4,2) DEFAULT NULL,
  `QC070103` double(4,2) DEFAULT NULL,
  `QC070104` double(4,2) DEFAULT NULL,
  `QC070201` double(4,2) DEFAULT NULL,
  `QC070202` double(4,2) DEFAULT NULL,
  `QC070203` double(4,2) DEFAULT NULL,
  `QC070204` double(4,2) DEFAULT NULL,
  `QC070301` double(4,2) DEFAULT NULL,
  `QC070302` double(4,2) DEFAULT NULL,
  `QC080101` double(4,2) DEFAULT NULL,
  `QC080102` double(4,2) DEFAULT NULL,
  `QC080103` double(4,2) DEFAULT NULL,
  `QC080104` double(4,2) DEFAULT NULL,
  `QC080201` double(4,2) DEFAULT NULL,
  `QC080202` double(4,2) DEFAULT NULL,
  `QC080203` double(4,2) DEFAULT NULL,
  `QC080204` double(4,2) DEFAULT NULL,
  `QC080301` double(4,2) DEFAULT NULL,
  `QC080302` double(4,2) DEFAULT NULL,
  `QC090101` double(4,2) DEFAULT NULL,
  `QC090102` double(4,2) DEFAULT NULL,
  `QC090103` double(4,2) DEFAULT NULL,
  `QC090104` double(4,2) DEFAULT NULL,
  `QC090201` double(4,2) DEFAULT NULL,
  `QC090202` double(4,2) DEFAULT NULL,
  `QC090203` double(4,2) DEFAULT NULL,
  `QC090204` double(4,2) DEFAULT NULL,
  `QC090301` double(4,2) DEFAULT NULL,
  `QC090302` double(4,2) DEFAULT NULL,
  `QC100101` double(4,2) DEFAULT NULL,
  `QC100102` double(4,2) DEFAULT NULL,
  `QC100103` double(4,2) DEFAULT NULL,
  `QC100104` double(4,2) DEFAULT NULL,
  `QC100201` double(4,2) DEFAULT NULL,
  `QC100202` double(4,2) DEFAULT NULL,
  `QC100203` double(4,2) DEFAULT NULL,
  `QC100204` double(4,2) DEFAULT NULL,
  `QC100301` double(4,2) DEFAULT NULL,
  `QC100302` double(4,2) DEFAULT NULL,
  PRIMARY KEY (`WORKTIME`)
) ENGINE=InnoDB DEFAULT CHARSET=utf8;

/*Data for the table `equip_time_data` */

insert  into `equip_time_data`(`WORKTIME`,`QC010101`,`QC010102`,`QC010103`,`QC010104`,`QC010201`,`QC010202`,`QC010203`,`QC010204`,`QC010301`,`QC010302`,`QC020101`,`QC020102`,`QC020103`,`QC020104`,`QC020201`,`QC020202`,`QC020203`,`QC020204`,`QC020301`,`QC020302`,`QC030101`,`QC030102`,`QC030103`,`QC030104`,`QC030201`,`QC030202`,`QC030203`,`QC030204`,`QC030301`,`QC030302`,`QC040101`,`QC040102`,`QC040103`,`QC040104`,`QC040201`,`QC040202`,`QC040203`,`QC040204`,`QC040301`,`QC040302`,`QC050101`,`QC050102`,`QC050103`,`QC050104`,`QC050201`,`QC050202`,`QC050203`,`QC050204`,`QC050301`,`QC050302`,`QC060101`,`QC060102`,`QC060103`,`QC060104`,`QC060201`,`QC060202`,`QC060203`,`QC060204`,`QC060301`,`QC060302`,`QC070101`,`QC070102`,`QC070103`,`QC070104`,`QC070201`,`QC070202`,`QC070203`,`QC070204`,`QC070301`,`QC070302`,`QC080101`,`QC080102`,`QC080103`,`QC080104`,`QC080201`,`QC080202`,`QC080203`,`QC080204`,`QC080301`,`QC080302`,`QC090101`,`QC090102`,`QC090103`,`QC090104`,`QC090201`,`QC090202`,`QC090203`,`QC090204`,`QC090301`,`QC090302`,`QC100101`,`QC100102`,`QC100103`,`QC100104`,`QC100201`,`QC100202`,`QC100203`,`QC100204`,`QC100301`,`QC100302`) values (3000,0.20,0.30,0.20,0.40,0.20,0.40,0.40,0.20,0.20,1.00,0.20,1.00,0.70,0.50,0.20,1.00,0.40,0.50,0.20,1.00,0.20,1.00,0.70,0.50,0.20,1.00,0.40,0.50,0.20,1.00,0.20,1.00,0.70,0.50,0.20,1.00,0.40,0.50,0.20,1.00,0.20,1.00,0.70,0.50,0.20,1.00,0.40,0.50,0.20,1.00,0.20,1.00,0.70,0.50,0.20,1.00,0.40,0.50,0.20,1.00,0.20,1.00,0.70,0.50,0.20,1.00,0.40,0.50,0.20,1.00,0.20,1.00,0.70,0.50,0.20,1.00,0.40,0.50,0.20,1.00,0.20,1.00,0.70,0.50,0.20,1.00,0.40,0.50,0.20,1.00,0.20,1.00,0.70,0.50,0.20,1.00,0.40,0.50,NULL,NULL),(4500,1.40,1.00,1.10,1.20,1.20,1.40,1.10,1.20,1.50,1.50,1.50,1.50,1.50,1.50,1.50,1.50,1.50,1.50,1.50,1.50,1.50,1.50,1.50,1.50,1.50,1.50,1.50,1.50,1.50,1.50,1.50,1.50,1.50,1.50,1.50,1.50,1.50,1.50,1.50,1.50,1.50,1.50,1.50,1.50,1.50,1.50,1.50,1.50,1.50,1.50,1.50,1.50,1.50,1.50,1.50,1.50,1.50,1.50,1.50,1.50,1.50,1.50,1.50,1.50,1.50,1.50,1.50,1.50,1.50,1.50,1.50,1.50,1.50,1.50,1.50,1.50,1.50,1.50,1.50,1.50,1.50,1.50,1.50,1.50,1.50,1.50,1.50,1.50,1.50,1.50,1.50,1.50,1.50,1.50,1.50,1.50,1.50,1.50,NULL,NULL),(6000,1.80,2.10,1.60,1.60,1.80,2.00,1.60,1.90,1.80,2.00,1.80,2.00,1.80,1.80,1.80,2.00,1.80,1.80,1.80,2.00,1.80,2.00,1.80,1.80,1.80,2.00,1.80,1.80,1.80,2.00,1.80,2.00,1.80,1.80,1.80,2.00,1.80,1.80,1.80,2.00,1.80,2.00,1.80,1.80,1.80,2.00,1.80,1.80,1.80,2.00,1.80,2.00,1.80,1.80,1.80,2.00,1.80,1.80,1.80,2.00,1.80,2.00,1.80,1.80,1.80,2.00,1.80,1.80,1.80,2.00,1.80,2.00,1.80,1.80,1.80,2.00,1.80,1.80,1.80,2.00,1.80,2.00,1.80,1.80,1.80,2.00,1.80,1.80,1.80,2.00,1.80,2.00,1.80,1.80,1.80,2.00,1.80,1.80,NULL,NULL),(8700,2.00,2.50,2.10,2.20,2.20,2.40,2.10,2.30,2.00,2.50,2.00,2.50,2.00,2.00,2.00,2.50,2.00,2.00,2.00,2.50,2.00,2.50,2.00,2.00,2.00,2.50,2.00,2.00,2.00,2.50,2.00,2.50,2.00,2.00,2.00,2.50,2.00,2.00,2.00,2.50,2.00,2.50,2.00,2.00,2.00,2.50,2.00,2.00,2.00,2.50,2.00,2.50,2.00,2.00,2.00,2.50,2.00,2.00,2.00,2.50,2.00,2.50,2.00,2.00,2.00,2.50,2.00,2.00,2.00,2.50,2.00,2.50,2.00,2.00,2.00,2.50,2.00,2.00,2.00,2.50,2.00,2.50,2.00,2.00,2.00,2.50,2.00,2.00,2.00,2.50,2.00,2.50,2.00,2.00,2.00,2.50,2.00,2.00,NULL,NULL),(10000,3.00,3.30,3.10,2.60,3.10,3.30,3.20,3.20,3.00,3.00,3.00,3.00,3.00,3.00,3.00,3.00,3.00,3.00,3.00,3.00,3.00,3.00,3.00,3.00,3.00,3.00,3.00,3.00,3.00,3.00,3.00,3.00,3.00,3.00,3.00,3.00,3.00,3.00,3.00,3.00,3.00,3.00,3.00,3.00,3.00,3.00,3.00,3.00,3.00,3.00,3.00,3.00,3.00,3.00,3.00,3.00,3.00,3.00,3.00,3.00,3.00,3.00,3.00,3.00,3.00,3.00,3.00,3.00,3.00,3.00,3.00,3.00,3.00,3.00,3.00,3.00,3.00,3.00,3.00,3.00,3.00,3.00,3.00,3.00,3.00,3.00,3.00,3.00,3.00,3.00,3.00,3.00,3.00,3.00,3.00,3.00,3.00,3.00,NULL,NULL),(12000,4.00,4.10,4.20,3.90,4.00,4.10,4.10,4.00,4.00,4.00,4.00,4.00,4.00,4.00,4.00,4.00,4.00,4.00,4.00,4.00,4.00,4.00,4.00,4.00,4.00,4.00,4.00,4.00,4.00,4.00,4.00,4.00,4.00,4.00,4.00,4.00,4.00,4.00,4.00,4.00,4.00,4.00,4.00,4.00,4.00,4.00,4.00,4.00,4.00,4.00,4.00,4.00,4.00,4.00,4.00,4.00,4.00,4.00,4.00,4.00,4.00,4.00,4.00,4.00,4.00,4.00,4.00,4.00,4.00,4.00,4.00,4.00,4.00,4.00,4.00,4.00,4.00,4.00,4.00,4.00,4.00,4.00,4.00,4.00,4.00,4.00,4.00,4.00,4.00,4.00,4.00,4.00,4.00,4.00,4.00,4.00,4.00,4.00,NULL,NULL),(14000,5.10,4.90,5.10,5.00,4.70,5.20,5.10,4.90,5.00,5.00,5.00,5.00,5.00,5.00,5.00,5.00,5.00,5.00,5.00,5.00,5.00,5.00,5.00,5.00,5.00,5.00,5.00,5.00,5.00,5.00,5.00,5.00,5.00,5.00,5.00,5.00,5.00,5.00,5.00,5.00,5.00,5.00,5.00,5.00,5.00,5.00,5.00,5.00,5.00,5.00,5.00,5.00,5.00,5.00,5.00,5.00,5.00,5.00,5.00,5.00,5.00,5.00,5.00,5.00,5.00,5.00,5.00,5.00,5.00,5.00,5.00,5.00,5.00,5.00,5.00,5.00,5.00,5.00,5.00,5.00,5.00,5.00,5.00,5.00,5.00,5.00,5.00,5.00,5.00,5.00,5.00,5.00,5.00,5.00,5.00,5.00,5.00,5.00,NULL,NULL),(17000,5.70,5.80,6.00,6.10,5.60,5.70,5.50,5.50,5.50,5.50,5.50,5.50,5.50,5.50,5.50,5.50,5.50,5.50,5.50,5.50,5.50,5.50,5.50,5.50,5.50,5.50,5.50,5.50,5.50,5.50,5.50,5.50,5.50,5.50,5.50,5.50,5.50,5.50,5.50,5.50,5.50,5.50,5.50,5.50,5.50,5.50,5.50,5.50,5.50,5.50,5.50,5.50,5.50,5.50,5.50,5.50,5.50,5.50,5.50,5.50,5.50,5.50,5.50,5.50,5.50,5.50,5.50,5.50,5.50,5.50,5.50,5.50,5.50,5.50,5.50,5.50,5.50,5.50,5.50,5.50,5.50,5.50,5.50,5.50,5.50,5.50,5.50,5.50,5.50,5.50,5.50,5.50,5.50,5.50,5.50,5.50,5.50,5.50,NULL,NULL),(20000,6.10,6.40,7.00,6.70,6.70,6.80,6.40,7.00,7.00,7.00,6.10,7.00,7.00,7.00,7.00,7.00,7.00,7.00,7.00,7.00,6.10,7.00,7.00,7.00,7.00,7.00,7.00,7.00,7.00,7.00,6.10,7.00,7.00,7.00,7.00,7.00,7.00,7.00,7.00,7.00,6.10,7.00,7.00,7.00,7.00,7.00,7.00,7.00,7.00,7.00,6.10,7.00,7.00,7.00,7.00,7.00,7.00,7.00,7.00,7.00,6.10,7.00,7.00,7.00,7.00,7.00,7.00,7.00,7.00,7.00,6.10,7.00,7.00,7.00,7.00,7.00,7.00,7.00,7.00,7.00,6.10,7.00,7.00,7.00,7.00,7.00,7.00,7.00,7.00,7.00,6.10,7.00,7.00,7.00,7.00,7.00,7.00,7.00,NULL,NULL);

/*Table structure for table `equipment` */

DROP TABLE IF EXISTS `equipment`;

CREATE TABLE `equipment` (
  `id` int(8) NOT NULL AUTO_INCREMENT COMMENT '机构ID',
  `productnum` varchar(5) DEFAULT NULL COMMENT '岸桥编号',
  `equipnum` varchar(8) NOT NULL COMMENT '机构编号',
  `equipname` varchar(10) DEFAULT NULL COMMENT '机构名称',
  `starttime` varchar(30) DEFAULT NULL COMMENT '启动时间',
  `equipstate` int(1) DEFAULT NULL COMMENT '工作状态',
  `equipdesc` varchar(20) DEFAULT NULL COMMENT '备注',
  PRIMARY KEY (`id`),
  UNIQUE KEY `prie` (`equipnum`),
  KEY `pro-qui` (`productnum`),
  KEY `epnm` (`equipnum`)
) ENGINE=InnoDB AUTO_INCREMENT=108 DEFAULT CHARSET=utf8;

/*Data for the table `equipment` */

insert  into `equipment`(`id`,`productnum`,`equipnum`,`equipname`,`starttime`,`equipstate`,`equipdesc`) values (1,'QC01','QC010101','起升机构左前','2018/10/10 10:10:00',1,'第一组设备的起升检测机构'),(2,'QC01','QC010102','起升机构左后','2018/10/10 10:10:00',1,'第一组设备的起升检测机构'),(3,'QC01','QC010103','起升机构右前','2018/10/10 10:10:00',1,'第一组设备的起升检测机构'),(4,'QC01','QC010104','起升机构右后','2018/10/10 10:10:00',1,'第一组设备的起升检测机构'),(5,'QC01','QC010201','小车机构左前','2018/10/10 10:10:00',1,'第一组设备的小车检测机构'),(6,'QC01','QC010202','小车机构左后','2018/10/10 10:10:00',1,'第一组设备的小车检测机构'),(7,'QC01','QC010203','小车机构右前','2018/10/10 10:10:00',1,'第一组设备的小车检测机构'),(8,'QC01','QC010204','小车机构右后','2018/10/10 10:10:00',1,'第一组设备的小车检测机构'),(9,'QC01','QC010301','俯仰机构左绳','2018/10/10 10:10:00',1,'第一组设备的俯仰检测机构'),(10,'QC01','QC010302','俯仰机构右绳','2018/10/10 10:10:00',1,'第一组设备的俯仰检测机构'),(11,'QC02','QC020101','起升机构左前','2020/05/29 10:19:00',1,'第二组设备的起升检测机构'),(12,'QC02','QC020102','起升机构左后','2020/05/29 10:19:00',1,'第二组设备的起升检测机构'),(13,'QC02','QC020103','起升机构右前','2020/05/29 10:19:00',1,'第二组设备的起升检测机构'),(14,'QC02','QC020104','起升机构右后','2020/05/29 10:19:00',1,'第二组设备的起升检测机构'),(15,'QC02','QC020201','小车机构左前','2020/05/29 10:19:00',1,'第二组设备的小车检测机构'),(16,'QC02','QC020202','小车机构左后','2020/05/29 10:19:00',1,'第二组设备的小车检测机构'),(17,'QC02','QC020203','小车机构右前','2020/05/29 10:19:00',1,'第二组设备的小车检测机构'),(18,'QC02','QC020204','小车机构右后','2020/05/29 10:19:00',1,'第二组设备的小车检测机构'),(19,'QC02','QC020301','俯仰机构左绳','2020/05/29 10:19:00',1,'第二组设备的俯仰检测机构'),(20,'QC02','QC020302','俯仰机构右绳','2020/05/29 10:19:00',1,'第二组设备的俯仰检测机构'),(21,'QC03','QC030101','起升机构左前','2020/05/29 10:19:00',1,'第三组设备的起升检测机构'),(22,'QC03','QC030102','起升机构左后','2020/05/29 10:19:00',1,'第三组设备的起升检测机构'),(23,'QC03','QC030103','起升机构右前','2020/05/29 10:19:00',1,'第三组设备的起升检测机构'),(24,'QC03','QC030104','起升机构右后','2020/05/29 10:19:00',1,'第三组设备的起升检测机构'),(25,'QC03','QC030201','小车机构左前','2020/05/29 10:19:00',1,'第三组设备的小车检测机构'),(26,'QC03','QC030202','小车机构左后','2020/05/29 10:19:00',1,'第三组设备的小车检测机构'),(27,'QC03','QC030203','小车机构右前','2020/05/29 10:19:00',1,'第三组设备的小车检测机构'),(28,'QC03','QC030204','小车机构右后','2020/05/29 10:19:00',1,'第三组设备的小车检测机构'),(29,'QC03','QC030301','俯仰机构左绳','2020/05/29 10:19:00',1,'第三组设备的俯仰检测机构'),(30,'QC03','QC030302','俯仰机构右绳','2020/05/29 10:19:00',1,'第三组设备的俯仰检测机构'),(31,'QC04','QC040101','起升机构左前','2020/05/29 10:19:00',1,'第四组设备的起升检测机构'),(32,'QC04','QC040102','起升机构左后','2020/05/29 10:19:00',1,'第四组设备的起升检测机构'),(33,'QC04','QC040103','起升机构右前','2020/05/29 10:19:00',1,'第四组设备的起升检测机构'),(34,'QC04','QC040104','起升机构右后','2020/05/29 10:19:00',1,'第四组设备的起升检测机构'),(35,'QC04','QC040201','小车机构左前','2020/05/29 10:19:00',1,'第四组设备的小车检测机构'),(36,'QC04','QC040202','小车机构左后','2020/05/29 10:19:00',1,'第四组设备的小车检测机构'),(37,'QC04','QC040203','小车机构右前','2020/05/29 10:19:00',1,'第四组设备的小车检测机构'),(38,'QC04','QC040204','小车机构右后','2020/05/29 10:19:00',1,'第四组设备的小车检测机构'),(39,'QC04','QC040301','俯仰机构左绳','2020/05/29 10:19:00',1,'第四组设备的俯仰检测机构'),(40,'QC04','QC040302','俯仰机构右绳','2020/05/29 10:19:00',1,'第四组设备的俯仰检测机构'),(41,'QC05','QC050101','起升机构左前','2020/05/29 10:19:00',1,'第五组设备的起升检测机构'),(42,'QC05','QC050102','起升机构左后','2020/05/29 10:19:00',1,'第五组设备的起升检测机构'),(43,'QC05','QC050103','起升机构右前','2020/05/29 10:19:00',1,'第五组设备的起升检测机构'),(44,'QC05','QC050104','起升机构右后','2020/05/29 10:19:00',1,'第五组设备的起升检测机构'),(45,'QC05','QC050201','小车机构左前','2020/05/29 10:19:00',1,'第五组设备的小车检测机构'),(46,'QC05','QC050202','小车机构左后','2020/05/29 10:19:00',1,'第五组设备的小车检测机构'),(47,'QC05','QC050203','小车机构右前','2020/05/29 10:19:00',1,'第五组设备的小车检测机构'),(48,'QC05','QC050204','小车机构右后','2020/05/29 10:19:00',1,'第五组设备的小车检测机构'),(49,'QC05','QC050301','俯仰机构左绳','2020/05/29 10:19:00',1,'第五组设备的俯仰检测机构'),(50,'QC05','QC050302','俯仰机构右绳','2020/05/29 10:19:00',1,'第五组设备的俯仰检测机构'),(51,'QC06','QC060101','起升机构左前','2020/05/29 10:19:00',1,'第六组设备的起升检测机构'),(52,'QC06','QC060102','起升机构左后','2020/05/29 10:19:00',1,'第六组设备的起升检测机构'),(53,'QC06','QC060103','起升机构右前','2020/05/29 10:19:00',1,'第六组设备的起升检测机构'),(54,'QC06','QC060104','起升机构右后','2020/05/29 10:19:00',1,'第六组设备的起升检测机构'),(55,'QC06','QC060201','小车机构左前','2020/05/29 10:19:00',1,'第六组设备的小车检测机构'),(56,'QC06','QC060202','小车机构左后','2020/05/29 10:19:00',1,'第六组设备的小车检测机构'),(57,'QC06','QC060203','小车机构右前','2020/05/29 10:19:00',1,'第六组设备的小车检测机构'),(58,'QC06','QC060204','小车机构右后','2020/05/29 10:19:00',1,'第六组设备的小车检测机构'),(59,'QC06','QC060301','俯仰机构左绳','2020/05/29 10:19:00',1,'第六组设备的俯仰检测机构'),(60,'QC06','QC060302','俯仰机构右绳','2020/05/29 10:19:00',1,'第六组设备的俯仰检测机构'),(61,'QC07','QC070101','起升机构左前','2020/05/29 10:19:00',1,'第七组设备的起升检测机构'),(62,'QC07','QC070102','起升机构左后','2020/05/29 10:19:00',1,'第七组设备的起升检测机构'),(63,'QC07','QC070103','起升机构右前','2020/05/29 10:19:00',1,'第七组设备的起升检测机构'),(64,'QC07','QC070104','起升机构右后','2020/05/29 10:19:00',1,'第七组设备的起升检测机构'),(65,'QC07','QC070201','小车机构左前','2020/05/29 10:19:00',1,'第七组设备的小车检测机构'),(66,'QC07','QC070202','小车机构左后','2020/05/29 10:19:00',1,'第七组设备的小车检测机构'),(67,'QC07','QC070203','小车机构右前','2020/05/29 10:19:00',1,'第七组设备的小车检测机构'),(68,'QC07','QC070204','小车机构右后','2020/05/29 10:19:00',1,'第七组设备的小车检测机构'),(69,'QC07','QC070301','俯仰机构左绳','2020/05/29 10:19:00',1,'第七组设备的俯仰检测机构'),(70,'QC07','QC070302','俯仰机构右绳','2020/05/29 10:19:00',1,'第七组设备的俯仰检测机构'),(71,'QC08','QC080101','起升机构左前','2020/05/29 10:19:00',1,'第八组设备的起升检测机构'),(72,'QC08','QC080102','起升机构左后','2020/05/29 10:19:00',1,'第八组设备的起升检测机构'),(73,'QC08','QC080103','起升机构右前','2020/05/29 10:19:00',1,'第八组设备的起升检测机构'),(74,'QC08','QC080104','起升机构右后','2020/05/29 10:19:00',1,'第八组设备的起升检测机构'),(75,'QC08','QC080201','小车机构左前','2020/05/29 10:19:00',1,'第八组设备的小车检测机构'),(76,'QC08','QC080202','小车机构左后','2020/05/29 10:19:00',1,'第八组设备的小车检测机构'),(77,'QC08','QC080203','小车机构右前','2020/05/29 10:19:00',1,'第八组设备的小车检测机构'),(78,'QC08','QC080204','小车机构右后','2020/05/29 10:19:00',1,'第八组设备的小车检测机构'),(79,'QC08','QC080301','俯仰机构左绳','2020/05/29 10:19:00',1,'第八组设备的俯仰检测机构'),(80,'QC08','QC080302','俯仰机构右绳','2020/05/29 10:19:00',1,'第八组设备的俯仰检测机构'),(81,'QC09','QC090101','起升机构左前','2020/05/29 10:19:00',1,'第九组设备的起升检测机构'),(82,'QC09','QC090102','起升机构左后','2020/05/29 10:19:00',1,'第九组设备的起升检测机构'),(83,'QC09','QC090103','起升机构右前','2020/05/29 10:19:00',1,'第九组设备的起升检测机构'),(84,'QC09','QC090104','起升机构右后','2020/05/29 10:19:00',1,'第九组设备的起升检测机构'),(85,'QC09','QC090201','小车机构左前','2020/05/29 10:19:00',1,'第九组设备的小车检测机构'),(86,'QC09','QC090202','小车机构左后','2020/05/29 10:19:00',1,'第九组设备的小车检测机构'),(87,'QC09','QC090203','小车机构右前','2020/05/29 10:19:00',1,'第九组设备的小车检测机构'),(88,'QC09','QC090204','小车机构右后','2020/05/29 10:19:00',1,'第九组设备的小车检测机构'),(89,'QC09','QC090301','俯仰机构左绳','2020/05/29 10:19:00',1,'第九组设备的俯仰检测机构'),(90,'QC09','QC090302','俯仰机构右绳','2020/05/29 10:19:00',1,'第九组设备的俯仰检测机构'),(91,'QC10','QC100101','起升机构左前','2020/05/29 10:19:00',1,'第十组设备的起升检测机构'),(92,'QC10','QC100102','起升机构左后','2020/05/29 10:19:00',1,'第十组设备的起升检测机构'),(93,'QC10','QC100103','起升机构右前','2020/05/29 10:19:00',1,'第十组设备的起升检测机构'),(94,'QC10','QC100104','起升机构右后','2020/05/29 10:19:00',1,'第十组设备的起升检测机构'),(95,'QC10','QC100201','小车机构左前','2020/05/29 10:19:00',1,'第十组设备的小车检测机构'),(96,'QC10','QC100202','小车机构左后','2020/05/29 10:19:00',1,'第十组设备的小车检测机构'),(97,'QC10','QC100203','小车机构右前','2020/05/29 10:19:00',1,'第十组设备的小车检测机构'),(98,'QC10','QC100204','小车机构右后','2020/05/29 10:19:00',1,'第十组设备的小车检测机构'),(106,'QC10','QC100301','俯仰机构左绳','2020-09-08 09:45',1,''),(107,'QC10','QC100302','俯仰机构右绳','2020-09-08 09:45',1,'test');

/*Table structure for table `history_data` */

DROP TABLE IF EXISTS `history_data`;

CREATE TABLE `history_data` (
  `id` int(8) NOT NULL AUTO_INCREMENT COMMENT '数据ID',
  `productnum` varchar(5) DEFAULT NULL COMMENT '岸桥编号',
  `equipnum` varchar(8) DEFAULT NULL COMMENT '机构编号',
  `equipname` varchar(10) DEFAULT NULL COMMENT '机构名称',
  `testdate` timestamp NOT NULL DEFAULT CURRENT_TIMESTAMP ON UPDATE CURRENT_TIMESTAMP COMMENT '检测时间',
  `containernum` int(6) DEFAULT NULL COMMENT '集装箱数量',
  `worktime` double(6,2) DEFAULT NULL COMMENT '工作时长',
  `position` double(6,2) DEFAULT NULL COMMENT '损伤位置',
  `testdata` double(4,2) DEFAULT NULL COMMENT '损伤数据',
  `type` int(2) DEFAULT NULL COMMENT '损伤类别',
  `lifetime` double(6,2) DEFAULT NULL COMMENT '预期寿命',
  `image` varchar(30) DEFAULT NULL COMMENT '损伤照片',
  PRIMARY KEY (`id`),
  KEY `date` (`testdate`)
) ENGINE=InnoDB AUTO_INCREMENT=13 DEFAULT CHARSET=utf8;

/*Data for the table `history_data` */

insert  into `history_data`(`id`,`productnum`,`equipnum`,`equipname`,`testdate`,`containernum`,`worktime`,`position`,`testdata`,`type`,`lifetime`,`image`) values (1,'QC01','QC010101','起升左前','2020-08-23 14:09:59',3000,4000.00,20.00,3.00,1,200.00,'360截图20200606144929881.jpg'),(2,'QC01','QC010102','起升左后','2020-08-23 14:10:04',3000,4000.00,16.30,5.00,2,100.00,'360截图20200606144942000.jpg'),(3,'QC01','QC010103','起升右前','2020-08-23 14:10:12',3000,4000.00,14.50,3.00,1,200.00,'360截图20200606144854899.jpg'),(4,'QC01','QC010104','起升右后','2020-08-23 14:10:16',3000,4000.00,27.50,4.00,2,20.00,'360截图20200606144910714.jpg'),(5,'QC01','QC010201','小车左前','2020-08-23 14:10:20',3000,4000.00,38.90,3.40,1,320.00,'360截图20200606144955069.jpg'),(6,'QC01','QC010202','小车左后','2020-08-23 14:10:25',3000,4000.00,87.70,5.50,2,100.00,'360截图20200606145006244.jpg'),(7,'QC01','QC010203','小车右前	','2020-08-23 14:10:29',3000,4000.00,54.30,4.50,1,200.00,'360截图20200606145022195.jpg'),(8,'QC01','QC010204','小车右后	','2020-08-23 14:10:33',3000,4000.00,45.00,7.60,2,200.00,'360截图20200606145029184.jpg'),(9,'QC01','QC010301','俯仰左绳','2020-08-23 14:10:37',3000,4000.00,24.20,1.50,1,120.00,'360截图20200606145042494.jpg'),(10,'QC01','QC010302','俯仰右绳','2020-08-23 14:10:47',3000,4000.00,85.98,4.50,2,350.00,'360截图20200606145052962.jpg'),(12,'QC01','QC010101','起升左前','2020-09-02 21:00:11',3000,4000.00,23.40,2.40,1,200.00,'306dsa');

/*Table structure for table `permission` */

DROP TABLE IF EXISTS `permission`;

CREATE TABLE `permission` (
  `id` int(4) NOT NULL AUTO_INCREMENT COMMENT '权限ID',
  `permissionname` varchar(20) DEFAULT NULL COMMENT '权限名称',
  `url` varchar(50) DEFAULT NULL COMMENT '允许路径',
  PRIMARY KEY (`id`)
) ENGINE=InnoDB AUTO_INCREMENT=3 DEFAULT CHARSET=utf8;

/*Data for the table `permission` */

insert  into `permission`(`id`,`permissionname`,`url`) values (1,'user findAll','/user/findAll.do'),(2,'user findById','/user/findById.do');

/*Table structure for table `product` */

DROP TABLE IF EXISTS `product`;

CREATE TABLE `product` (
  `id` int(4) NOT NULL AUTO_INCREMENT COMMENT '岸桥ID',
  `productnum` varchar(5) NOT NULL COMMENT '岸桥编号',
  `starttime` varchar(30) DEFAULT NULL COMMENT '启动时间',
  `productdesc` varchar(10) DEFAULT NULL COMMENT '岸桥备注',
  `productstate` int(1) DEFAULT NULL COMMENT '工作状态',
  `manager` varchar(5) DEFAULT NULL COMMENT '负责人名称',
  PRIMARY KEY (`id`,`productnum`),
  UNIQUE KEY `productnum` (`productnum`)
) ENGINE=InnoDB AUTO_INCREMENT=11 DEFAULT CHARSET=utf8;

/*Data for the table `product` */

insert  into `product`(`id`,`productnum`,`starttime`,`productdesc`,`productstate`,`manager`) values (1,'QC01','12:00 1/7/2020','第一组监测设备',1,'张三'),(2,'QC02','12:00 1/7/2020','第二组监测设备',1,'tom'),(3,'QC03','12:00 1/7/2020','第三组检测设备',1,'王五'),(4,'QC04','12:00 1/7/2020','第四组监测设备',1,'张三'),(5,'QC05','12:00 1/7/2020','第五组检测设备',1,'张三'),(6,'QC06','12:00 1/7/2020','第六组监测设备',1,'王五'),(7,'QC07','12:00 1/7/2020','第七组监测设备',1,'王五'),(8,'QC08','12:00 1/7/2020','第八组监测设备',1,'李四'),(9,'QC09','12:00 1/7/2020','第九组监测设备',1,'赵六'),(10,'QC10','12:00 1/7/2020','第十组监测设备',1,'张三');

/*Table structure for table `role` */

DROP TABLE IF EXISTS `role`;

CREATE TABLE `role` (
  `id` int(4) NOT NULL AUTO_INCREMENT COMMENT '角色ID',
  `rolename` varchar(10) NOT NULL COMMENT '角色名称',
  `roledesc` varchar(20) DEFAULT NULL COMMENT '角色备注',
  PRIMARY KEY (`id`)
) ENGINE=InnoDB AUTO_INCREMENT=3 DEFAULT CHARSET=utf8;

/*Data for the table `role` */

insert  into `role`(`id`,`rolename`,`roledesc`) values (1,'ROLE_ADMIN','系统管理员'),(2,'ROLE_USER','普通用户');

/*Table structure for table `role_permission` */

DROP TABLE IF EXISTS `role_permission`;

CREATE TABLE `role_permission` (
  `permissionid` int(4) NOT NULL COMMENT '权限ID',
  `roleid` int(4) NOT NULL COMMENT '角色ID',
  KEY `perid` (`permissionid`),
  KEY `roid` (`roleid`)
) ENGINE=InnoDB DEFAULT CHARSET=utf8;

/*Data for the table `role_permission` */

insert  into `role_permission`(`permissionid`,`roleid`) values (1,2),(1,1),(2,1),(2,2),(2,2),(2,2);

/*Table structure for table `test_data` */

DROP TABLE IF EXISTS `test_data`;

CREATE TABLE `test_data` (
  `id` int(8) NOT NULL AUTO_INCREMENT COMMENT '数据ID',
  `productnum` varchar(5) DEFAULT NULL COMMENT '岸桥编号',
  `equipnum` varchar(8) DEFAULT NULL COMMENT '机构编号',
  `equipname` varchar(10) DEFAULT NULL COMMENT '机构名称',
  `testdate` timestamp NULL DEFAULT CURRENT_TIMESTAMP COMMENT '检测时间',
  `containernum` int(6) DEFAULT NULL COMMENT '集装箱数量',
  `worktime` double(6,2) DEFAULT NULL COMMENT '工作时长',
  `type` int(2) DEFAULT NULL COMMENT '损伤类别',
  `lifetime` double(6,2) DEFAULT NULL COMMENT '预期寿命',
  `image` varchar(30) DEFAULT NULL COMMENT '损伤照片',
  `position` double(6,2) DEFAULT NULL COMMENT '损伤位置',
  `testdata` double(4,2) DEFAULT NULL COMMENT '损伤数据',
  PRIMARY KEY (`id`),
  KEY `eqn` (`equipnum`),
  KEY `dat` (`testdata`),
  KEY `pro` (`productnum`)
) ENGINE=InnoDB AUTO_INCREMENT=114 DEFAULT CHARSET=utf8;

/*Data for the table `test_data` */

insert  into `test_data`(`id`,`productnum`,`equipnum`,`equipname`,`testdate`,`containernum`,`worktime`,`type`,`lifetime`,`image`,`position`,`testdata`) values (1,'QC01','QC010101','起升左前','2020-08-26 20:42:18',3000,1000.00,0,NULL,NULL,1.00,2.00),(2,'QC01','QC010101','起升左前','2020-08-26 20:42:18',3000,1000.00,1,NULL,NULL,3.00,4.40),(3,'QC01','QC010101','起升左前','2020-08-26 20:42:18',3000,1000.00,2,NULL,NULL,4.00,5.00),(4,'QC01','QC010101','起升左前','2020-08-26 20:42:18',3000,1000.00,3,NULL,NULL,7.00,3.20),(5,'QC01','QC010101','起升左前','2020-08-26 20:42:18',3000,1000.00,0,NULL,NULL,9.00,5.00),(6,'QC01','QC010101','起升左前','2020-08-26 20:42:18',3000,1000.00,1,NULL,NULL,11.00,4.00),(7,'QC01','QC010101','起升左前','2020-08-26 20:42:18',3000,1000.00,2,NULL,NULL,14.00,2.00),(8,'QC01','QC010102','起升左后','2020-08-26 20:42:18',3000,1000.00,3,NULL,NULL,2.00,1.00),(9,'QC01','QC010102','起升左后','2020-08-26 20:42:18',3000,1000.00,1,NULL,NULL,4.00,3.00),(10,'QC01','QC010102','起升左后','2020-08-26 20:42:18',3000,1000.00,2,NULL,NULL,7.00,5.00),(11,'QC01','QC010102','起升左后','2020-08-26 20:42:18',3000,1000.00,3,NULL,NULL,11.00,4.00),(12,'QC01','QC010103','起升右前','2020-08-26 20:42:18',3000,1000.00,1,NULL,NULL,1.00,2.00),(13,'QC01','QC010103','起升右前','2020-08-26 20:42:18',3000,1000.00,2,NULL,NULL,4.00,5.00),(14,'QC01','QC010103','起升右前','2020-08-26 20:42:18',3000,1000.00,3,NULL,NULL,7.00,6.00),(15,'QC01','QC010103','起升右前','2020-08-26 20:42:18',3000,1000.00,0,NULL,NULL,9.00,2.00),(16,'QC01','QC010103','起升右前','2020-08-26 20:42:18',3000,1000.00,1,NULL,NULL,12.00,4.00),(17,'QC01','QC010104','起升右后','2020-08-26 20:42:18',3000,1000.00,2,NULL,NULL,5.00,1.00),(18,'QC01','QC010104','起升右后','2020-08-26 20:42:18',3000,1000.00,3,NULL,NULL,14.00,6.00),(19,'QC01','QC010104','起升右后','2020-08-26 20:42:18',3000,1000.00,0,NULL,NULL,17.00,2.00),(20,'QC01','QC010201','小车左前','2020-08-26 20:42:18',3000,1000.00,2,NULL,NULL,12.00,3.10),(21,'QC01','QC010201','小车左前','2020-08-26 20:42:18',3000,1000.00,3,NULL,NULL,58.00,4.00),(22,'QC01','QC010202','小车左后','2020-08-26 20:42:18',3000,1000.00,1,NULL,NULL,25.00,6.10),(23,'QC01','QC010202','小车左后','2020-08-26 20:42:18',3000,1000.00,0,NULL,NULL,36.00,5.00),(24,'QC01','QC010203','小车右前','2020-08-26 20:42:18',3000,1000.00,1,NULL,NULL,14.00,4.00),(25,'QC01','QC010203','小车右前','2020-08-26 20:42:18',3000,1000.00,2,NULL,NULL,37.00,6.00),(26,'QC01','QC010204','小车右后','2020-08-26 20:42:18',3000,1000.00,0,NULL,NULL,15.00,5.00),(27,'QC01','QC010204','小车右后','2020-08-26 20:42:18',3000,1000.00,1,NULL,NULL,26.00,1.00),(28,'QC01','QC010204','小车右后','2020-08-26 20:42:18',3000,1000.00,3,NULL,NULL,37.00,2.00),(29,'QC01','QC010204','小车右后','2020-08-26 20:42:18',3000,1000.00,2,NULL,NULL,45.00,4.00),(30,'QC01','QC010301','俯仰左绳','2020-08-26 20:42:18',3000,1000.00,1,NULL,NULL,31.00,4.00),(31,'QC01','QC010301','俯仰左绳','2020-08-26 20:42:18',3000,1000.00,2,NULL,NULL,36.00,6.00),(32,'QC01','QC010301','俯仰左绳','2020-08-26 20:42:18',3000,1000.00,3,NULL,NULL,37.00,5.00),(33,'QC01','QC010302','俯仰右绳','2020-08-26 20:42:18',3000,1000.00,0,NULL,NULL,15.00,3.00),(34,'QC01','QC010302','俯仰右绳','2020-08-26 20:42:18',3000,1000.00,2,NULL,NULL,48.00,1.00),(35,'QC01','QC010101','起升左前','2020-08-26 20:42:18',3000,1000.00,1,NULL,NULL,15.00,3.50),(36,'QC01','QC010101','起升左前','2020-08-26 20:42:18',3000,1000.00,2,NULL,NULL,17.00,2.20),(37,'QC01','QC010101','起升左前','2020-08-26 20:42:18',3000,1000.00,3,NULL,NULL,19.00,1.00),(38,'QC01','QC010101','起升左前','2020-08-26 20:42:18',3000,1000.00,0,NULL,NULL,24.00,5.70),(39,'QC01','QC010101','起升左前','2020-08-26 20:42:18',3000,1000.00,0,NULL,NULL,26.00,2.00),(40,'QC01','QC010101','起升左前','2020-08-26 20:42:18',3000,1000.00,0,NULL,NULL,27.00,5.30),(41,'QC01','QC010101','起升左前','2020-08-26 20:42:18',3000,1000.00,1,NULL,NULL,29.00,4.00),(42,'QC01','QC010101','起升左前','2020-08-26 20:42:18',3000,1000.00,2,NULL,NULL,34.00,3.30),(43,'QC01','QC010101','起升左前','2020-08-26 20:42:18',3000,1000.00,3,NULL,NULL,38.00,3.30),(44,'QC01','QC010101','起升左前','2020-08-26 20:42:18',3000,1000.00,2,NULL,NULL,48.00,2.00),(45,'QC01','QC010101','起升左前','2020-08-26 20:42:18',3000,1000.00,1,NULL,NULL,52.00,4.00),(46,'QC01','QC010101','起升左前','2020-08-26 20:42:18',3000,1000.00,2,NULL,NULL,57.00,5.00),(47,'QC01','QC010101','起升左前','2020-08-26 20:42:18',3000,1000.00,3,NULL,NULL,61.00,1.70),(48,'QC01','QC010101','起升左前','2020-08-26 20:42:18',3000,1000.00,2,NULL,NULL,64.00,5.00),(49,'QC01','QC010101','起升左前','2020-08-26 20:42:18',3000,1000.00,0,NULL,NULL,67.00,3.00),(50,'QC01','QC010101','起升左前','2020-08-26 20:42:18',3000,1000.00,2,NULL,NULL,70.00,2.40),(51,'QC01','QC010101','起升左前','2020-08-26 20:42:18',3000,1000.00,1,NULL,NULL,75.00,4.00),(52,'QC01','QC010101','起升左前','2020-08-26 20:42:18',3000,1000.00,2,NULL,NULL,77.00,2.70),(53,'QC01','QC010101','起升左前','2020-08-26 20:42:18',3000,1000.00,0,NULL,NULL,81.00,2.00),(54,'QC01','QC010101','起升左前','2020-08-26 20:42:18',3000,1000.00,2,NULL,NULL,83.00,2.50),(55,'QC01','QC010102','起升左后','2020-08-26 20:42:18',3000,1000.00,3,NULL,NULL,14.00,3.50),(56,'QC01','QC010102','起升左后','2020-08-26 20:42:18',3000,1000.00,2,NULL,NULL,18.00,2.50),(57,'QC01','QC010102','起升左后','2020-08-26 20:42:18',3000,1000.00,1,NULL,NULL,21.00,4.20),(58,'QC01','QC010102','起升左后','2020-08-26 20:42:18',3000,1000.00,2,NULL,NULL,24.00,6.10),(59,'QC01','QC010102','起升左后','2020-08-26 20:42:18',3000,1000.00,3,NULL,NULL,27.00,4.20),(60,'QC01','QC010102','起升左后','2020-08-26 20:42:18',3000,1000.00,1,NULL,NULL,31.00,4.80),(61,'QC01','QC010102','起升左后','2020-08-26 20:42:18',3000,1000.00,2,NULL,NULL,33.00,1.90),(62,'QC01','QC010102','起升左后','2020-08-26 20:42:18',3000,1000.00,3,NULL,NULL,36.00,5.10),(63,'QC01','QC010102','起升左后','2020-08-26 20:42:18',3000,1000.00,1,NULL,NULL,38.00,2.40),(64,'QC01','QC010102','起升左后','2020-08-26 20:42:18',3000,1000.00,1,NULL,NULL,41.00,2.70),(65,'QC01','QC010102','起升左后','2020-08-26 20:42:18',3000,1000.00,2,NULL,NULL,45.00,3.50),(66,'QC01','QC010102','起升左后','2020-08-26 20:42:18',3000,1000.00,2,NULL,NULL,49.00,2.40),(67,'QC01','QC010102','起升左后','2020-08-26 20:42:18',3000,1000.00,3,NULL,NULL,53.00,2.10),(68,'QC01','QC010102','起升左后','2020-08-26 20:42:18',3000,1000.00,3,NULL,NULL,57.00,1.50),(69,'QC01','QC010102','起升左后','2020-08-26 20:42:18',3000,1000.00,1,NULL,NULL,63.00,1.60),(70,'QC01','QC010102','起升左后','2020-08-26 20:42:18',3000,1000.00,0,NULL,NULL,68.00,4.20),(71,'QC01','QC010102','起升左后','2020-08-26 20:42:18',3000,1000.00,0,NULL,NULL,72.00,4.30),(72,'QC01','QC010102','起升左后','2020-08-26 20:42:18',3000,1000.00,0,NULL,NULL,78.00,2.60),(73,'QC01','QC010102','起升左后','2020-08-26 20:42:18',3000,1000.00,0,NULL,NULL,79.00,2.80),(74,'QC01','QC010102','起升左后','2020-08-26 20:42:18',3000,1000.00,0,NULL,NULL,82.00,3.40),(75,'QC01','QC010103','起升右前','2020-08-26 20:42:18',3000,1000.00,1,NULL,NULL,15.00,3.70),(76,'QC01','QC010103','起升右前','2020-08-26 20:42:18',3000,1000.00,2,NULL,NULL,18.00,1.60),(77,'QC01','QC010103','起升右前','2020-08-26 20:42:18',3000,1000.00,1,NULL,NULL,31.00,1.90),(78,'QC01','QC010103','起升右前','2020-08-26 20:42:18',3000,1000.00,2,NULL,NULL,34.00,5.20),(79,'QC01','QC010103','起升右前','2020-08-26 20:42:18',3000,1000.00,1,NULL,NULL,35.00,6.10),(80,'QC01','QC010103','起升右前','2020-08-26 20:42:18',3000,1000.00,2,NULL,NULL,37.00,2.70),(81,'QC01','QC010103','起升右前','2020-08-26 20:42:18',3000,1000.00,1,NULL,NULL,40.00,3.40),(82,'QC01','QC010103','起升右前','2020-08-26 20:42:18',3000,1000.00,1,NULL,NULL,46.00,4.50),(83,'QC01','QC010103','起升右前','2020-08-26 20:42:18',3000,1000.00,2,NULL,NULL,51.00,4.90),(84,'QC01','QC010103','起升右前','2020-08-26 20:42:18',3000,1000.00,1,NULL,NULL,54.00,2.40),(85,'QC01','QC010103','起升右前','2020-08-26 20:42:18',3000,1000.00,2,NULL,NULL,59.00,4.90),(86,'QC01','QC010103','起升右前','2020-08-26 20:42:18',3000,1000.00,1,NULL,NULL,64.00,4.80),(87,'QC01','QC010103','起升右前','2020-08-26 20:42:18',3000,1000.00,3,NULL,NULL,68.00,4.20),(88,'QC01','QC010103','起升右前','2020-08-26 20:42:18',3000,1000.00,3,NULL,NULL,71.00,2.40),(89,'QC01','QC010104','起升右后','2020-08-26 20:42:18',3000,1000.00,1,NULL,NULL,21.00,2.80),(90,'QC01','QC010104','起升右后','2020-08-26 20:42:18',3000,1000.00,2,NULL,NULL,27.00,3.50),(91,'QC01','QC010104','起升右后','2020-08-26 20:42:18',3000,1000.00,1,NULL,NULL,34.00,3.70),(92,'QC01','QC010104','起升右后','2020-08-26 20:42:18',3000,1000.00,1,NULL,NULL,35.00,3.60),(93,'QC01','QC010104','起升右后','2020-08-26 20:42:18',3000,1000.00,2,NULL,NULL,37.00,4.50),(94,'QC01','QC010104','起升右后','2020-08-26 20:42:18',3000,1000.00,3,NULL,NULL,43.00,1.20),(95,'QC01','QC010104','起升右后','2020-08-26 20:42:18',3000,1000.00,2,NULL,NULL,45.00,1.30),(96,'QC01','QC010104','起升右后','2020-08-26 20:42:18',3000,1000.00,1,NULL,NULL,47.00,1.10),(97,'QC01','QC010104','起升右后','2020-08-26 20:42:18',3000,1000.00,2,NULL,NULL,49.00,2.10),(98,'QC01','QC010104','起升右后','2020-08-26 20:42:18',3000,1000.00,3,NULL,NULL,57.00,2.30),(99,'QC01','QC010104','起升右后','2020-08-26 20:42:18',3000,1000.00,2,NULL,NULL,61.00,3.20),(100,'QC01','QC010104','起升右后','2020-08-26 20:42:18',3000,1000.00,2,NULL,NULL,62.00,3.50),(101,'QC01','QC010104','起升右后','2020-08-26 20:42:18',3000,1000.00,2,NULL,NULL,68.00,1.60),(102,'QC01','QC010104','起升右后','2020-08-26 20:42:18',3000,1000.00,1,NULL,NULL,72.00,4.50),(103,'QC01','QC010104','起升右后','2020-08-26 20:42:18',3000,1000.00,1,NULL,NULL,78.00,4.00),(104,'QC03','QC030101','起升左前','2020-08-26 20:42:18',3000,1000.00,1,NULL,NULL,3.00,6.10),(105,'QC02','QC020101','起升左前','2020-08-26 20:42:18',3000,1000.00,2,NULL,NULL,45.00,2.50),(106,'QC04','QC040101','起升左前','2020-08-26 20:42:18',3000,1000.00,1,NULL,NULL,7.00,3.20),(107,'QC05','QC050101','起升左前','2020-08-26 20:42:18',3000,1000.00,2,NULL,NULL,89.00,4.10),(108,'QC06','QC060101','起升左前','2020-08-26 20:42:18',3000,1000.00,1,NULL,NULL,78.00,5.20),(109,'QC07','QC070101','起升左前','2020-08-26 20:42:18',3000,1000.00,2,NULL,NULL,56.00,4.10),(110,'QC08','QC080101','起升左前','2020-08-26 20:42:18',3000,1000.00,1,NULL,NULL,43.00,2.50),(111,'QC10','QC100101','起升左前','2020-08-26 20:42:18',3000,1000.00,2,NULL,NULL,97.00,5.30),(112,'QC09','QC090101','起升左前','2020-10-10 16:52:03',3000,1000.00,1,NULL,NULL,21.00,4.20),(113,NULL,'QC090101','起升左前','2021-05-13 16:59:16',3000,1000.00,1,NULL,NULL,22.10,3.30);

/*Table structure for table `users` */

DROP TABLE IF EXISTS `users`;

CREATE TABLE `users` (
  `id` int(4) NOT NULL AUTO_INCREMENT COMMENT '用户id',
  `username` varchar(20) NOT NULL COMMENT '用户名',
  `password` varchar(100) NOT NULL COMMENT '密码',
  `email` varchar(30) NOT NULL COMMENT '邮箱',
  `status` int(1) NOT NULL COMMENT '性别',
  `phonenum` varchar(15) NOT NULL COMMENT '电话号码',
  PRIMARY KEY (`id`),
  UNIQUE KEY `unm` (`username`)
) ENGINE=InnoDB AUTO_INCREMENT=8 DEFAULT CHARSET=utf8;

/*Data for the table `users` */

insert  into `users`(`id`,`username`,`password`,`email`,`status`,`phonenum`) values (1,'zhangchi','$2a$10$avH4B03diWZfSWyVTv6ih.BJfSyynoP2g0i5sPV0U4nFFVVqLoHI2','104937972@qq.com',1,'4833666'),(2,'yuntong','$2a$10$EoXfSRDfyRVIh8O.78173uLcVjENdUyehKAhiM/xmgZxbtUQMf9Ry','1049379728@qq.com',1,'17771788944'),(4,'root','$2a$10$OqsH0INZNlwXVPU8xGd5ZeqfbvEVvl6ZJjNf02x5Fyyy0z774/rmS','1049379728@qq.com',1,'17771788944'),(7,'test','$2a$10$gpS2qU2D2sB.EneHWJKdou8wi0dQ8MOPLUeMgGKBi/QC5ew/2QVOK','whut2019cc@163.com',1,'18771766108');

/*Table structure for table `users_copy` */

DROP TABLE IF EXISTS `users_copy`;

CREATE TABLE `users_copy` (
  `id` int(4) NOT NULL AUTO_INCREMENT COMMENT '用户id',
  `username` varchar(20) NOT NULL COMMENT '用户名',
  `password` varchar(100) NOT NULL COMMENT '密码',
  `email` varchar(30) NOT NULL COMMENT '邮箱',
  `status` int(1) NOT NULL COMMENT '性别',
  `phonenum` varchar(15) NOT NULL COMMENT '电话号码',
  PRIMARY KEY (`id`)
) ENGINE=InnoDB AUTO_INCREMENT=3 DEFAULT CHARSET=utf8;

/*Data for the table `users_copy` */

insert  into `users_copy`(`id`,`username`,`password`,`email`,`status`,`phonenum`) values (1,'zhangchi','$2a$10$avH4B03diWZfSWyVTv6ih.BJfSyynoP2g0i5sPV0U4nFFVVqLoHI2','104937972@qq.com',1,'4833666'),(2,'yuntong','$2a$10$EoXfSRDfyRVIh8O.78173uLcVjENdUyehKAhiM/xmgZxbtUQMf9Ry','1049379728@qq.com',1,'17771788944');

/*Table structure for table `users_role` */

DROP TABLE IF EXISTS `users_role`;

CREATE TABLE `users_role` (
  `userid` int(4) NOT NULL COMMENT '用户的ID',
  `roleid` int(4) NOT NULL COMMENT '角色的ID',
  KEY `userid` (`userid`),
  KEY `roleid` (`roleid`)
) ENGINE=InnoDB DEFAULT CHARSET=utf8;

/*Data for the table `users_role` */

insert  into `users_role`(`userid`,`roleid`) values (2,2),(1,2),(2,1);

/*!40101 SET SQL_MODE=@OLD_SQL_MODE */;
/*!40014 SET FOREIGN_KEY_CHECKS=@OLD_FOREIGN_KEY_CHECKS */;
/*!40014 SET UNIQUE_CHECKS=@OLD_UNIQUE_CHECKS */;
/*!40111 SET SQL_NOTES=@OLD_SQL_NOTES */;
